win,147,258,369,14,25,36,47,58,69,19,28,37,46,5,Zt0,Zt1,Zt2,ZZ,Z1,Z5,11,15,55,complex
0,,,,1.0,0.75,0.8571428571428571,0.875,0.6666666666666666,0.5,0.8666666666666667,0.7857142857142857,0.6842105263157895,0.625,0.7272727272727273,0.6666666666666666,,1.0,,0.5,0.8571428571428571,,0.6,0.7333333333333333,0.0
1,1.0,1.0,1.0,0.9047619047619048,0.825,0.7974683544303798,0.8390804597701149,0.7777777777777778,0.6153846153846154,0.8082191780821918,0.7424242424242424,0.6985507246376812,0.6051660516605166,0.6744186046511628,0.8363636363636363,0.5714285714285714,1.0,1.0,0.6666666666666666,0.6326530612244898,1.0,0.5806451612903226,0.8,0.8571428571428571
2,0.9444444444444444,0.9230769230769231,0.95,0.8543046357615894,0.8258426966292135,0.7961783439490446,0.7886904761904762,0.8072916666666666,0.8188405797101449,0.7043478260869566,0.7012089810017271,0.646998982706002,0.6212303980699638,0.6351931330472103,0.8,0.7272727272727273,0.5,0.7692307692307693,0.6896551724137931,0.6742857142857143,0.6,0.6190476190476191,0.6795180722891566,0.8387096774193549
3,0.90625,0.8717948717948718,0.85,0.8259803921568627,0.7708333333333334,0.7765726681127982,0.7745302713987474,0.779467680608365,0.7692307692307693,0.6494382022471911,0.6478991596638656,0.6153096050706972,0.5957810718358039,0.5886010362694301,0.7085201793721974,0.6428571428571429,0.6,0.7297297297297297,0.6376811594202898,0.6240409207161125,0.7142857142857143,0.609375,0.6415458937198067,0.8041237113402062
4,0.8484848484848485,0.8588235294117647,0.8983050847457628,0.8063806380638063,0.7602996254681648,0.7497477295660948,0.7527472527472527,0.77882797731569,0.7733934611048479,0.6304635761589404,0.6263467189030363,0.5743707093821511,0.5716486902927581,0.5258774538964902,0.5975975975975976,0.6470588235294118,0.6111111111111112,0.686046511627907,0.6230769230769231,0.5778401122019635,0.6190476190476191,0.5415384615384615,0.5944503735325507,0.7788461538461539
5,0.803921568627451,0.8242811501597445,0.824,0.7516297262059974,0.7272248551869405,0.7204934118306701,0.7256417333701353,0.7457446808510638,0.7530712530712531,0.586582048957389,0.5664739884393064,0.5402408717262474,0.5162567736556899,0.4972353870458136,0.5582959641255605,0.6197604790419161,0.6233766233766234,0.60431654676259,0.632,0.5527831094049904,0.7435897435897436,0.5110220440881763,0.5651302605210421,0.7176820208023774
6,0.7670886075949367,0.7890295358649789,0.7747524752475248,0.7232365145228216,0.7028631284916201,0.6939265275983016,0.6914458474124133,0.6937296121783255,0.7316680096696213,0.543344709897611,0.5180425111220959,0.5140465380249716,0.47899422145869125,0.4597839135654262,0.5352112676056338,0.6025641025641025,0.5185185185185185,0.638095238095238,0.5941558441558441,0.5112612612612613,0.6829268292682927,0.47337278106508873,0.521399798590131,0.6833013435700576
7,0.7090592334494773,0.750373692077728,0.7328519855595668,0.7016645326504481,0.6572029442691903,0.6578059641074079,0.6557961447055717,0.6619302949061662,0.7075355157504633,0.514219384793964,0.48236559139784946,0.47097079342556464,0.44111405835543765,0.42515127598000524,0.4861788617886179,0.5800807537012113,0.411214953271028,0.571969696969697,0.529113924050633,0.4815950920245399,0.5961538461538461,0.4326797385620915,0.48412210612579387,0.6502976190476191
8,0.6948424068767909,0.7214885954381752,0.7271293375394322,0.6699157007376185,0.6305815726421259,0.6230024758046365,0.6180248007085917,0.6371129427489418,0.6680118375033629,0.4807588075880759,0.45081967213114754,0.4337150407399251,0.4076041038020519,0.38768844221105525,0.4044776119402985,0.5385487528344671,0.39436619718309857,0.5173611111111112,0.4777777777777778,0.46424702058504874,0.5396825396825397,0.42569832402234636,0.44359214218896165,0.618798955613577
9,0.6889763779527559,0.6713973799126638,0.6952908587257618,0.6356821589205397,0.5893186003683242,0.5885182474119001,0.5842290202563043,0.6081220366934653,0.6255235279625524,0.45219228737453776,0.41307981613038025,0.39572018248968066,0.377751618599176,0.33267716535433073,0.3569482288828338,0.5379746835443038,0.379746835443038,0.47266881028938906,0.4418604651162791,0.42088772845953004,0.463768115942029,0.3956170703575548,0.4138686131386861,0.582716049382716
10,0.6388526727509778,0.6344086021505376,0.6512226512226512,0.604801239029427,0.5563509920229086,0.5553031085407415,0.5470884255930984,0.5702344546381244,0.5856859831599802,0.43200895355344154,0.37794216543375925,0.3683848008265412,0.34326899584656734,0.3010371869466228,0.29838709677419356,0.5273109243697479,0.3742857142857143,0.459375,0.39373601789709173,0.38427947598253276,0.359375,0.34610630407911,0.38915618060695784,0.5485466914038343
11,0.5859598853868195,0.6254180602006689,0.5984147952443857,0.5679598102149037,0.525504666811374,0.5170435741864313,0.5039482342618995,0.5239130434782608,0.5542234332425068,0.4057877813504823,0.3458241489101151,0.32807215332581735,0.3046312644302594,0.27682227682227684,0.25578231292517006,0.488962472406181,0.37425149700598803,0.43205574912891986,0.36855670103092786,0.3596439169139466,0.3283582089552239,0.33426573426573425,0.3581256231306082,0.512982900569981
12,0.5360501567398119,0.5967741935483871,0.5707898658718331,0.5359723531259818,0.48428290766208254,0.4755372101493262,0.4666827619507484,0.4712169055137236,0.514426028238183,0.34988363072148954,0.3126410835214447,0.30093862815884476,0.2721547458389564,0.2526158445440957,0.2298050139275766,0.46532156368221944,0.35276967930029157,0.3710247349823322,0.33070866141732286,0.3208036292935839,0.35,0.2991735537190083,0.31642046670948404,0.46169220519653564
13,0.4964912280701754,0.5568942436412316,0.5251299826689775,0.47288006111535524,0.43320068220579877,0.43418851087562743,0.4245230854299143,0.4268463914630722,0.4679715302491103,0.3191865605658709,0.2779246530072703,0.26453342268386665,0.23329425556858147,0.20774065497849817,0.21592442645074225,0.4195906432748538,0.36163522012578614,0.32954545454545453,0.2693498452012384,0.2796549245147376,0.3617021276595745,0.22862453531598512,0.26926782273603084,0.42083040112596765
14,0.4197002141327623,0.4863123993558776,0.45109780439121755,0.39915174363807726,0.37186440677966104,0.37870967741935485,0.3640365177698076,0.36644518272425247,0.4072632944228275,0.2648305084745763,0.22576923076923078,0.2159468438538206,0.18706429124709528,0.16758951642672573,0.16644823066841416,0.3908256880733945,0.33093525179856115,0.2603305785123967,0.23595505617977527,0.22488038277511962,0.29411764705882354,0.19186046511627908,0.22652519893899203,0.3640699523052464
15,0.34366925064599485,0.3695652173913043,0.3474178403755869,0.307824100513992,0.29931146213041715,0.29737261146496813,0.28356137219908784,0.2771565495207668,0.3406183368869936,0.22908622908622908,0.16190900981266726,0.16062176165803108,0.14482306684141547,0.12942155638784852,0.12484848484848485,0.32167832167832167,0.26548672566371684,0.1834862385321101,0.18141592920353983,0.17175239755884916,0.1935483870967742,0.16424116424116425,0.175284837861525,0.26758147512864494
16,0.23030303030303031,0.22037914691943128,0.2118380062305296,0.18717759764185704,0.20191339375629405,0.18937924345295828,0.18632643235435725,0.18681318681318682,0.2176271186440678,0.14171974522292993,0.1036842105263158,0.10384215991692627,0.08745059288537549,0.08048103607770583,0.07568238213399504,0.19767441860465115,0.20224719101123595,0.15458937198067632,0.0966183574879227,0.10756608933454877,0.12,0.0861344537815126,0.10680209295167743,0.16026241799437677
17,0.1262135922330097,0.10294117647058823,0.1407035175879397,0.10456062291434928,0.0951310861423221,0.08913443830570902,0.08730447435431066,0.08053691275167785,0.11455108359133127,0.06493506493506493,0.04218181818181818,0.046805349182763745,0.046200200870438565,0.04238921001926782,0.03582554517133956,0.11894273127753303,0.08695652173913043,0.07692307692307693,0.06338028169014084,0.03026481715006305,0.0,0.03291139240506329,0.04923939151321057,0.08256880733944955
18,0.06521739130434782,0.109375,0.05454545454545454,0.05394190871369295,0.0646900269541779,0.041726618705035974,0.05439330543933055,0.04610951008645533,0.07377049180327869,0.030534351145038167,0.026252983293556086,0.023166023166023165,0.022304832713754646,0.028639618138424822,0.017467248908296942,0.03389830508474576,0.0,0.022727272727272728,0.029411764705882353,0.020080321285140562,0.0,0.013513513513513514,0.02423469387755102,0.05063291139240506
tsumo,147,258,369,14,25,36,47,58,69,19,28,37,46,5,Zt0,Zt1,Zt2,ZZ,Z1,Z5,11,15,55,complex
0,,,,0.25,0.3333333333333333,0.5,0.5714285714285714,0.0,1.0,0.15384615384615385,0.22727272727272727,0.38461538461538464,0.52,0.4583333333333333,0.25,,1.0,,0.0,0.16666666666666666,,0.6666666666666666,0.18181818181818182,
1,0.0,0.2222222222222222,0.6,0.18421052631578946,0.30303030303030304,0.5238095238095238,0.3835616438356164,0.35714285714285715,0.1875,0.2033898305084746,0.3673469387755102,0.3817427385892116,0.45121951219512196,0.3706896551724138,0.17391304347826086,0.25,1.0,0.0,0.16666666666666666,0.22580645161290322,0.0,0.3888888888888889,0.36904761904761907,0.3333333333333333
2,0.35294117647058826,0.20833333333333334,0.21052631578947367,0.23255813953488372,0.30612244897959184,0.372,0.44528301886792454,0.36774193548387096,0.23008849557522124,0.30864197530864196,0.30049261083743845,0.36792452830188677,0.3553398058252427,0.3716216216216216,0.23863636363636365,0.25,1.0,0.1,0.3,0.3050847457627119,0.3333333333333333,0.46153846153846156,0.36879432624113473,0.36538461538461536
3,0.3275862068965517,0.22058823529411764,0.20588235294117646,0.28486646884273,0.3027027027027027,0.34217877094972066,0.3638814016172507,0.28536585365853656,0.265625,0.20761245674740483,0.29831387808041504,0.3415213946117274,0.37894736842105264,0.4154929577464789,0.22784810126582278,0.24074074074074073,0.0,0.18518518518518517,0.25,0.29508196721311475,0.3,0.36752136752136755,0.3689759036144578,0.32051282051282054
4,0.22321428571428573,0.2671232876712329,0.2641509433962264,0.2660300136425648,0.2746305418719212,0.32907133243607,0.3470471134704711,0.2633495145631068,0.29008746355685133,0.21638655462184875,0.2845973416731822,0.33715139442231074,0.38221024258760106,0.37104072398190047,0.22110552763819097,0.24793388429752067,0.09090909090909091,0.2542372881355932,0.2839506172839506,0.30097087378640774,0.38461538461538464,0.39204545454545453,0.3734290843806104,0.2654320987654321
5,0.2682926829268293,0.29457364341085274,0.30097087378640774,0.2523850823937554,0.2838522809558291,0.322568093385214,0.3301635602890833,0.29243937232524964,0.27732463295269166,0.22720247295208656,0.29081632653061223,0.32625619249823073,0.36778360920468306,0.3359809372517871,0.26104417670682734,0.2898550724637681,0.1875,0.2857142857142857,0.2721518987341772,0.3454861111111111,0.3448275862068966,0.39215686274509803,0.35756501182033096,0.28778467908902694
6,0.26732673267326734,0.2727272727272727,0.25559105431309903,0.25415949512335057,0.2856433184302037,0.3125831338121841,0.32536008230452673,0.30303030303030304,0.27037444933920707,0.23115577889447236,0.29341603053435117,0.32735302235716257,0.3609390283664819,0.36553524804177545,0.2993421052631579,0.2796352583586626,0.24285714285714285,0.29850746268656714,0.3005464480874317,0.3465491923641703,0.25,0.3,0.3655239014968614,0.324438202247191
7,0.28992628992628994,0.28087649402390436,0.2512315270935961,0.25775547445255476,0.292,0.31241025641025644,0.3144755385544594,0.29485621709194004,0.2588389349628983,0.2200902934537246,0.30271957200178334,0.32739141350740647,0.3707155742633794,0.37376237623762376,0.28762541806020064,0.26450116009280744,0.29545454545454547,0.2980132450331126,0.31100478468899523,0.3375796178343949,0.25806451612903225,0.3293051359516616,0.37537029200169275,0.3169336384439359
8,0.24948453608247423,0.28286189683860236,0.24511930585683298,0.266220998820291,0.3088082901554404,0.3022037572254335,0.3174489430311716,0.3048951048951049,0.26782118405155053,0.24689966178128522,0.30454545454545456,0.3310484894643311,0.36037903464613563,0.36292935839274143,0.3173431734317343,0.29473684210526313,0.23214285714285715,0.28187919463087246,0.3209302325581395,0.3652275379229872,0.35294117647058826,0.3464566929133858,0.36988612399831294,0.32383966244725737
9,0.2895238095238095,0.3056910569105691,0.2589641434262948,0.26611635220125784,0.30694444444444446,0.31218905472636815,0.32690606757473906,0.29423728813559324,0.27845608507286335,0.25934579439252337,0.29742033383915023,0.3143013999451002,0.3577438454347149,0.36020710059171596,0.3015267175572519,0.23137254901960785,0.25833333333333336,0.2789115646258503,0.28708133971291866,0.3746898263027295,0.375,0.3556851311953353,0.36596119929453264,0.3400423728813559
10,0.27755102040816326,0.31864406779661014,0.25296442687747034,0.27699530516431925,0.3205882352941177,0.329737771991817,0.3277642200112634,0.2999642474079371,0.2718816067653277,0.2655440414507772,0.30308422301304866,0.3153630414459333,0.3676156583629893,0.36554621848739494,0.32432432432432434,0.23904382470119523,0.24427480916030533,0.2585034013605442,0.2840909090909091,0.3693181818181818,0.43478260869565216,0.3464285714285714,0.3675701378982406,0.34047350620067646
11,0.30073349633251834,0.32620320855614976,0.2891832229580574,0.28796068796068797,0.3358116480793061,0.3253680392575208,0.3416757344940152,0.3033195020746888,0.2871189773844641,0.2551505546751189,0.2981586402266289,0.32989690721649484,0.3620151582701739,0.378698224852071,0.32978723404255317,0.2618510158013544,0.208,0.2661290322580645,0.3146853146853147,0.38283828382838286,0.45454545454545453,0.3514644351464435,0.36414253897550114,0.34074074074074073
12,0.2982456140350877,0.30115830115830117,0.3133159268929504,0.28311840562719814,0.35141987829614607,0.3323972427878478,0.3448008277289188,0.3201030927835051,0.2863961813842482,0.25942350332594233,0.30234657039711194,0.35268714011516317,0.3702479338842975,0.38224852071005916,0.4121212121212121,0.25474254742547425,0.18181818181818182,0.29523809523809524,0.35714285714285715,0.37575757575757573,0.38095238095238093,0.3701657458563536,0.36738836265223274,0.3665223665223665
13,0.3568904593639576,0.3125,0.31353135313531355,0.28917609046849757,0.36679790026246717,0.33236994219653176,0.3451644415499837,0.3361842105263158,0.2904942965779468,0.2409972299168975,0.3079667063020214,0.3407219759341355,0.38334529791816224,0.3837579617834395,0.4375,0.2508710801393728,0.2,0.3448275862068966,0.3448275862068966,0.38817480719794345,0.29411764705882354,0.37398373983739835,0.3622540250447227,0.3896321070234114
14,0.3622448979591837,0.3079470198675497,0.3407079646017699,0.29043683589138136,0.35642661804922515,0.33943781942078366,0.3452754142409315,0.3354487760652765,0.291932059447983,0.232,0.3151618398637138,0.3592760180995475,0.39751552795031053,0.3854625550660793,0.4645669291338583,0.215962441314554,0.22826086956521738,0.38095238095238093,0.31746031746031744,0.32978723404255317,0.2,0.35353535353535354,0.3747072599531616,0.39956331877729256
15,0.38345864661654133,0.2994652406417112,0.36486486486486486,0.2597402597402597,0.33152909336941816,0.3373493975903614,0.3594405594405594,0.3400576368876081,0.27699530516431925,0.20224719101123595,0.2892561983471074,0.3492286115007013,0.39064856711915535,0.3858520900321543,0.4077669902912621,0.2463768115942029,0.23333333333333334,0.375,0.3902439024390244,0.36548223350253806,0.16666666666666666,0.3291139240506329,0.37333333333333335,0.42628205128205127
16,0.3157894736842105,0.22580645161290322,0.29411764705882354,0.2204724409448819,0.2967581047381546,0.3072983354673495,0.3423772609819121,0.3048128342245989,0.24922118380062305,0.25842696629213485,0.28426395939086296,0.32,0.3757062146892655,0.3505747126436782,0.39344262295081966,0.14705882352941177,0.19444444444444445,0.28125,0.25,0.3559322033898305,0.3333333333333333,0.36585365853658536,0.34293948126801155,0.3567251461988304
17,0.2692307692307692,0.17857142857142858,0.35714285714285715,0.18085106382978725,0.2047244094488189,0.2727272727272727,0.25416666666666665,0.23148148148148148,0.0990990990990991,0.04,0.10344827586206896,0.2857142857142857,0.2608695652173913,0.21212121212121213,0.13043478260869565,0.14814814814814814,0.0,0.0,0.0,0.3333333333333333,,0.38461538461538464,0.3008130081300813,0.2222222222222222
18,0.0,0.0,0.0,0.0,0.041666666666666664,0.13793103448275862,0.1282051282051282,0.125,0.1111111111111111,0.0,0.18181818181818182,0.3333333333333333,0.05555555555555555,0.0,0.0,0.0,,0.0,0.0,0.0,,0.0,0.10526315789473684,0.08333333333333333
draw,147,258,369,14,25,36,47,58,69,19,28,37,46,5,Zt0,Zt1,Zt2,ZZ,Z1,Z5,11,15,55,complex
0,,,,0.0,0.0,0.0,0.0,0.0,0.0,0.06666666666666667,0.03571428571428571,0.05263157894736842,0.075,0.15151515151515152,0.0,,0.0,,0.0,0.0,,0.0,0.06666666666666667,1.0
1,0.0,0.0,0.0,0.07142857142857142,0.0,0.0379746835443038,0.022988505747126436,0.027777777777777776,0.038461538461538464,0.0547945205479452,0.05555555555555555,0.05217391304347826,0.07011070110701106,0.0755813953488372,0.03636363636363636,0.2857142857142857,0.0,0.0,0.0,0.08163265306122448,0.0,0.06451612903225806,0.05714285714285714,0.0
2,0.0,0.0,0.0,0.039735099337748346,0.033707865168539325,0.03503184713375796,0.026785714285714284,0.026041666666666668,0.021739130434782608,0.043478260869565216,0.05008635578583765,0.056968463886063074,0.07961399276236429,0.0815450643776824,0.05454545454545454,0.06060606060606061,0.0,0.0,0.034482758620689655,0.08,0.0,0.023809523809523808,0.06746987951807229,0.03225806451612903
3,0.0,0.01282051282051282,0.025,0.031862745098039214,0.035416666666666666,0.021691973969631236,0.030271398747390398,0.024714828897338403,0.038461538461538464,0.06292134831460675,0.05966386554621849,0.06825938566552901,0.07240592930444698,0.08186528497409326,0.05829596412556054,0.05952380952380952,0.0,0.02702702702702703,0.028985507246376812,0.0792838874680307,0.14285714285714285,0.041666666666666664,0.06086956521739131,0.015463917525773196
4,0.0,0.011764705882352941,0.00847457627118644,0.025302530253025302,0.033707865168539325,0.03077699293642785,0.030469530469530468,0.017013232514177693,0.02593010146561443,0.05562913907284768,0.059745347698334964,0.07522883295194507,0.0773497688751926,0.09637120761451518,0.05405405405405406,0.06417112299465241,0.027777777777777776,0.06976744186046512,0.06153846153846154,0.07573632538569425,0.14285714285714285,0.06153846153846154,0.06296691568836713,0.02403846153846154
5,0.0196078431372549,0.006389776357827476,0.016,0.026727509778357236,0.032122169562927856,0.032239977572189514,0.030361578802097708,0.03138297872340425,0.030098280098280097,0.07524932003626474,0.07514450867052024,0.08029057541579047,0.0854522717799083,0.09597156398104266,0.07623318385650224,0.05688622754491018,0.025974025974025976,0.10071942446043165,0.068,0.07485604606525911,0.07692307692307693,0.07214428857715431,0.07982631930527723,0.0475482912332838
6,0.02278481012658228,0.016877637130801686,0.01485148514851485,0.03443983402489627,0.037011173184357544,0.0378438249953849,0.03876934020985239,0.036969916636462485,0.033037872683319904,0.07508532423208192,0.08650519031141868,0.08427922814982974,0.09183195377166953,0.10624249699879952,0.08626760563380281,0.06593406593406594,0.07407407407407407,0.09047619047619047,0.07467532467532467,0.07957957957957958,0.07317073170731707,0.07988165680473373,0.08836858006042296,0.052783109404990404
7,0.020905923344947737,0.025411061285500747,0.02888086642599278,0.03841229193341869,0.04468980021030494,0.04236945081635407,0.04475838394507526,0.04450402144772118,0.033971587399629403,0.08879860708067325,0.08924731182795699,0.09767056875960743,0.11061007957559682,0.11707445409102868,0.11382113821138211,0.06998654104979811,0.09345794392523364,0.10606060606060606,0.09873417721518987,0.10920245398773006,0.11538461538461539,0.10196078431372549,0.10182339684490883,0.05282738095238095
8,0.03151862464183381,0.028811524609843937,0.031545741324921134,0.045310853530031614,0.05467218470921368,0.05187936079225748,0.05602302922940655,0.05235018935174872,0.03766478342749529,0.1002710027100271,0.10102459016393443,0.11330103501431403,0.12902836451418226,0.12311557788944724,0.15522388059701492,0.08276643990929705,0.1267605633802817,0.13194444444444445,0.10444444444444445,0.12892741061755147,0.09523809523809523,0.10167597765363129,0.11262862488306828,0.06005221932114883
9,0.04199475065616798,0.039301310043668124,0.04155124653739612,0.05122438780609695,0.06875383670963782,0.06451950224824846,0.07069036792062836,0.06720263863121007,0.0477950234047795,0.11727416798732171,0.12661930631007104,0.13273951770584402,0.15467922307239554,0.1518208661417323,0.17574931880108993,0.0938818565400844,0.13291139240506328,0.13504823151125403,0.11839323467230443,0.14882506527415143,0.13043478260869565,0.11880046136101499,0.13302919708029198,0.07777777777777778
10,0.05084745762711865,0.04838709677419355,0.05791505791505792,0.06943727413526071,0.08488443444467171,0.08592378395125477,0.09160932525418507,0.08623853211009175,0.0676077265973254,0.12479015109121433,0.15713965478592243,0.1557800482149007,0.17615440996823845,0.18112825701998483,0.2217741935483871,0.11869747899159663,0.16857142857142857,0.14375,0.13870246085011187,0.17631004366812228,0.203125,0.15945611866501855,0.16025166543301259,0.09894867037724181
11,0.08882521489971347,0.06354515050167224,0.071334214002642,0.09600893106335473,0.11070110701107011,0.11340319911748484,0.12360166703224391,0.11652173913043479,0.09673024523160763,0.16527331189710612,0.19691403379867745,0.18840035074533384,0.21608040201005024,0.21403221403221404,0.2707482993197279,0.1434878587196468,0.17964071856287425,0.21254355400696864,0.19072164948453607,0.22729970326409496,0.208955223880597,0.1972027972027972,0.19521435692921235,0.13426219126029132
12,0.10501567398119123,0.0967741935483871,0.11177347242921014,0.13666352497643733,0.14955795677799608,0.15248270001214034,0.16948334138097537,0.15788195287830945,0.1338244321669736,0.21799844840961985,0.2466139954853273,0.23884476534296029,0.2718548508022192,0.26547085201793724,0.31337047353760444,0.1853720050441362,0.22740524781341107,0.27208480565371024,0.2572178477690289,0.2734931950745301,0.2,0.24958677685950414,0.24941126097195462,0.189873417721519
13,0.15964912280701754,0.15528781793842034,0.18717504332755633,0.19442322383498853,0.217453098351336,0.21179587283881762,0.2291954658556815,0.2193204156135917,0.1889679715302491,0.2979664014146773,0.3132848645076008,0.3127827106718043,0.3388042203985932,0.3466754879259014,0.37516869095816463,0.24561403508771928,0.27044025157232704,0.36363636363636365,0.29721362229102166,0.34795111430625447,0.2553191489361702,0.33643122676579923,0.32008670520231214,0.23997185080928923
14,0.278372591006424,0.25120772946859904,0.249500998003992,0.29029217719132894,0.3023728813559322,0.2974193548387097,0.3138245842843169,0.30830564784053155,0.2797233030696066,0.3855932203389831,0.4073076923076923,0.4060973226499902,0.42951200619674673,0.4422296050203027,0.4967234600262123,0.3174311926605505,0.35251798561151076,0.44214876033057854,0.4232209737827715,0.4449760765550239,0.2647058823529412,0.40891472868217055,0.41087533156498673,0.3338632750397456
15,0.3772609819121447,0.39920948616600793,0.39436619718309857,0.4180468303826385,0.4313487241798299,0.42296974522292996,0.43585167558992666,0.44089456869009586,0.39232409381663114,0.4826254826254826,0.5236396074933095,0.5185852669520162,0.536697247706422,0.5522263836870579,0.5915151515151515,0.44755244755244755,0.43805309734513276,0.573394495412844,0.5530973451327433,0.5693112467306015,0.41935483870967744,0.5239085239085239,0.5287759275489337,0.47084048027444253
16,0.5363636363636364,0.5710900473933649,0.573208722741433,0.5821665438467207,0.5906344410876133,0.5955383123181377,0.6027924891670678,0.6073926073926074,0.5816949152542373,0.6592356687898089,0.6863157894736842,0.6656282450674974,0.6857707509881423,0.6905642923219242,0.7357320099255583,0.6046511627906976,0.601123595505618,0.6714975845410628,0.7004830917874396,0.6937101185050136,0.52,0.6890756302521008,0.6654355186211142,0.6551077788191191
17,0.7475728155339806,0.7389705882352942,0.7035175879396985,0.7474972191323693,0.7565543071161048,0.7657458563535912,0.7668242997453619,0.7919463087248322,0.7440660474716202,0.7662337662337663,0.8210909090909091,0.8068350668647846,0.8044861064613325,0.8131021194605009,0.8068535825545171,0.762114537444934,0.8369565217391305,0.8321678321678322,0.7464788732394366,0.8423707440100883,0.7142857142857143,0.8227848101265823,0.7994395516413131,0.7955439056356488
18,0.8695652173913043,0.78125,0.8363636363636363,0.8049792531120332,0.8032345013477089,0.8316546762589928,0.8354253835425384,0.8760806916426513,0.8278688524590164,0.8778625954198473,0.8663484486873508,0.8661518661518661,0.8649318463444857,0.8400954653937948,0.8646288209606987,0.8813559322033898,0.9,0.9090909090909091,0.7941176470588235,0.8634538152610441,0.5714285714285714,0.8513513513513513,0.8673469387755102,0.869198312236287
opptsumo,147,258,369,14,25,36,47,58,69,19,28,37,46,5,Zt0,Zt1,Zt2,ZZ,Z1,Z5,11,15,55,complex
0,,,,0.0,0.25,0.0,0.0,0.3333333333333333,0.0,0.0,0.03571428571428571,0.13157894736842105,0.075,0.0,0.0,,0.0,,0.5,0.14285714285714285,,0.0,0.0,0.0
1,0.0,0.0,0.0,0.0,0.075,0.06329113924050633,0.04597701149425287,0.05555555555555555,0.07692307692307693,0.0547945205479452,0.10101010101010101,0.11304347826086956,0.1070110701107011,0.06976744186046512,0.05454545454545454,0.14285714285714285,0.0,0.0,0.1111111111111111,0.08163265306122448,0.0,0.12903225806451613,0.01904761904761905,0.14285714285714285
2,0.0,0.038461538461538464,0.0,0.039735099337748346,0.06741573033707865,0.050955414012738856,0.05952380952380952,0.0625,0.057971014492753624,0.09130434782608696,0.09326424870466321,0.0935910478128179,0.09650180940892641,0.07939914163090128,0.06363636363636363,0.12121212121212122,0.0,0.07692307692307693,0.034482758620689655,0.10285714285714286,0.2,0.14285714285714285,0.06746987951807229,0.08064516129032258
3,0.046875,0.02564102564102564,0.1,0.0392156862745098,0.07708333333333334,0.06290672451193059,0.06680584551148225,0.06844106463878327,0.055288461538461536,0.1101123595505618,0.10588235294117647,0.1121404193076548,0.10604332953249715,0.11295336787564766,0.06726457399103139,0.13095238095238096,0.0,0.05405405405405406,0.08695652173913043,0.13554987212276215,0.07142857142857142,0.13020833333333334,0.10144927536231885,0.07216494845360824
4,0.05303030303030303,0.03529411764705882,0.0423728813559322,0.056105610561056105,0.07303370786516854,0.07416750756811302,0.08391608391608392,0.07844990548204159,0.05298759864712514,0.10331125827814569,0.10871694417238002,0.13043478260869565,0.11802773497688752,0.1356335514574658,0.09309309309309309,0.11229946524064172,0.16666666666666666,0.06976744186046512,0.1,0.13043478260869565,0.09523809523809523,0.16307692307692306,0.1200640341515475,0.07451923076923077
5,0.047058823529411764,0.051118210862619806,0.06,0.06649282920469361,0.07319641916798315,0.08550602747406784,0.08363234888214187,0.07819148936170213,0.05835380835380835,0.10335448776065277,0.12267180475272961,0.13955266679411202,0.14360150062526053,0.13981042654028436,0.08968609865470852,0.10179640718562874,0.16883116883116883,0.08633093525179857,0.096,0.13339731285988485,0.05128205128205128,0.1523046092184369,0.12391449565798263,0.0861812778603269
6,0.06329113924050633,0.05063291139240506,0.07920792079207921,0.07136929460580912,0.08205307262569832,0.0923020121838656,0.08838698203805798,0.09351214208046393,0.07413376309427881,0.13037542662116042,0.13272367770637666,0.14344494892167992,0.15242854911760112,0.1566626650660264,0.10387323943661972,0.09340659340659341,0.14814814814814814,0.10952380952380952,0.09415584415584416,0.15465465465465467,0.12195121951219512,0.1834319526627219,0.13444108761329304,0.07965451055662189
7,0.09233449477351917,0.07324364723467862,0.08664259927797834,0.08450704225352113,0.09516298633017876,0.10133585211172581,0.10245576973857935,0.09892761394101876,0.08709079678814083,0.1375507835171213,0.1378494623655914,0.15170864372708998,0.15848806366047746,0.16890292028413575,0.1024390243902439,0.12113055181695828,0.1542056074766355,0.11363636363636363,0.11645569620253164,0.14846625766871166,0.1346153846153846,0.16862745098039217,0.13952059004302397,0.10044642857142858
8,0.09025787965616046,0.07322929171668667,0.08675078864353312,0.0987881981032666,0.10324548028751906,0.11152374521719559,0.11171390611160319,0.10247271107150813,0.1038471885929513,0.14308943089430895,0.14631147540983608,0.16053732658004843,0.15956547978273988,0.17763819095477387,0.12835820895522387,0.11904761904761904,0.19014084507042253,0.1284722222222222,0.1288888888888889,0.14409534127843987,0.15873015873015872,0.1664804469273743,0.1558465855940131,0.10900783289817233
9,0.08005249343832022,0.09606986899563319,0.0886426592797784,0.11144427786106946,0.11602209944751381,0.12098713792742863,0.11812732534105003,0.1080189651618223,0.11505296871150529,0.15478077126254622,0.15106560802340158,0.16836845535520312,0.16974690994702765,0.1828248031496063,0.1444141689373297,0.10970464135021098,0.18354430379746836,0.13183279742765272,0.15010570824524314,0.1566579634464752,0.18840579710144928,0.16262975778546712,0.16003649635036496,0.10740740740740741
10,0.10560625814863103,0.10752688172043011,0.0978120978120978,0.11048012390294269,0.11617917774596032,0.126303831457193,0.12437095614665708,0.11967380224260958,0.11614660723130263,0.15668718522663683,0.15893297466935666,0.17047411319021927,0.170901539213291,0.1892233746521629,0.15456989247311828,0.10294117647058823,0.1657142857142857,0.1125,0.1610738255033557,0.16593886462882096,0.203125,0.18046971569839307,0.15803108808290156,0.1150278293135436
11,0.10888252148997135,0.10256410256410256,0.1215323645970938,0.11387105777281607,0.12524419361840677,0.13403199117484832,0.12941434525115156,0.12978260869565217,0.11689373297002725,0.15884244372990353,0.15821699730590252,0.17624953025178505,0.17343474127393727,0.18427518427518427,0.1619047619047619,0.11699779249448124,0.16467065868263472,0.11846689895470383,0.15463917525773196,0.16142433234421366,0.16417910447761194,0.16783216783216784,0.15912263210368893,0.12222925902469918
12,0.12225705329153605,0.10023041474654378,0.12071535022354694,0.11812755262331134,0.12892927308447938,0.13524341386427097,0.1301303718010623,0.13164925916929804,0.12216083486801718,0.1590380139643134,0.15434537246049662,0.16866425992779782,0.1664417453891138,0.17279521674140508,0.16991643454038996,0.1008827238335435,0.13411078717201166,0.12014134275618374,0.16010498687664043,0.16007777057679845,0.15,0.17520661157024794,0.15606936416184972,0.11525649566955364
13,0.13859649122807016,0.107095046854083,0.1022530329289428,0.12375859434682965,0.1273450824332007,0.13496932515337423,0.12828310754769146,0.12833473743330526,0.12419928825622775,0.14942528735632185,0.14210178453403832,0.15932316971016922,0.15541785295595378,0.1627522328812438,0.15789473684210525,0.10818713450292397,0.12578616352201258,0.07954545454545454,0.16408668730650156,0.1430625449317038,0.1276595744680851,0.16356877323420074,0.14763969171483624,0.10907811400422238
14,0.11563169164882227,0.10144927536231885,0.11177644710578842,0.11687087653157399,0.12101694915254237,0.12645161290322582,0.11640039126181936,0.11727574750830565,0.1219195849546044,0.1239406779661017,0.13423076923076924,0.14832909908149305,0.14794732765298219,0.14322628276116647,0.1258191349934469,0.09357798165137615,0.13309352517985612,0.09917355371900827,0.1198501872659176,0.12360446570972887,0.11764705882352941,0.15310077519379844,0.1259946949602122,0.09618441971383147
15,0.09819121447028424,0.10276679841897234,0.10093896713615023,0.09765848086807538,0.10044552450384771,0.11265923566878981,0.10172516359309934,0.10063897763578275,0.10127931769722814,0.11196911196911197,0.11953612845673506,0.1279567470150935,0.11773700305810397,0.1165210153974199,0.10424242424242425,0.08158508158508158,0.11946902654867257,0.0779816513761468,0.08849557522123894,0.08805579773321709,0.0967741935483871,0.11850311850311851,0.10371019573473561,0.08919382504288165
16,0.07878787878787878,0.07345971563981042,0.06853582554517133,0.09432571849668386,0.0770392749244713,0.08511154219204656,0.07607125662012518,0.06893106893106893,0.07254237288135593,0.08917197452229299,0.07789473684210527,0.0843717549325026,0.08448616600790514,0.08556891766882516,0.06451612903225806,0.0755813953488372,0.07303370786516854,0.06280193236714976,0.0821256038647343,0.07110300820419325,0.08,0.07983193277310924,0.08433364112034472,0.05998125585754452
17,0.03398058252427184,0.04779411764705882,0.04522613065326633,0.05116796440489433,0.05767790262172284,0.058195211786372006,0.050200072753728626,0.0447427293064877,0.048503611971104234,0.05974025974025974,0.05236363636363636,0.05386329866270431,0.05256109809173083,0.048811817597944764,0.048286604361370715,0.030837004405286344,0.021739130434782608,0.03496503496503497,0.056338028169014086,0.03656998738965952,0.0,0.05063291139240506,0.04843875100080064,0.045871559633027525
18,0.043478260869565216,0.046875,0.01818181818181818,0.024896265560165973,0.05121293800539083,0.03884892086330935,0.029288702928870293,0.023054755043227664,0.028688524590163935,0.007633587786259542,0.02386634844868735,0.032175032175032175,0.028500619578686492,0.03818615751789976,0.048034934497816595,0.0,0.05,0.022727272727272728,0.029411764705882353,0.024096385542168676,0.14285714285714285,0.05405405405405406,0.02806122448979592,0.02531645569620253
lateral,147,258,369,14,25,36,47,58,69,19,28,37,46,5,Zt0,Zt1,Zt2,ZZ,Z1,Z5,11,15,55,complex
0,,,,0.0,0.0,0.14285714285714285,0.125,0.0,0.5,0.0,0.0,0.05263157894736842,0.175,0.06060606060606061,0.16666666666666666,,0.0,,0.0,0.0,,0.4,0.06666666666666667,0.0
1,0.0,0.0,0.0,0.023809523809523808,0.075,0.06329113924050633,0.04597701149425287,0.05555555555555555,0.15384615384615385,0.0410958904109589,0.025252525252525252,0.06086956521739131,0.07749077490774908,0.10465116279069768,0.03636363636363636,0.0,0.0,0.0,0.1111111111111111,0.12244897959183673,0.0,0.16129032258064516,0.0761904761904762,0.0
2,0.0,0.0,0.0,0.033112582781456956,0.056179775280898875,0.04777070063694268,0.06845238095238096,0.0625,0.050724637681159424,0.05652173913043478,0.0846286701208981,0.10274669379450661,0.08443908323281062,0.10085836909871244,0.045454545454545456,0.030303030303030304,0.5,0.07692307692307693,0.10344827586206896,0.06857142857142857,0.2,0.10714285714285714,0.08433734939759036,0.03225806451612903
3,0.015625,0.038461538461538464,0.025,0.051470588235294115,0.06041666666666667,0.06941431670281996,0.05323590814196242,0.06653992395437262,0.06971153846153846,0.07640449438202247,0.09159663865546218,0.09995124329595319,0.1088939566704675,0.11606217616580311,0.07623318385650224,0.09523809523809523,0.2,0.13513513513513514,0.11594202898550725,0.08184143222506395,0.07142857142857142,0.109375,0.0927536231884058,0.05670103092783505
4,0.05303030303030303,0.047058823529411764,0.0423728813559322,0.05500550055005501,0.07209737827715355,0.07214934409687185,0.06693306693306693,0.06805293005671077,0.08229988726042842,0.09668874172185431,0.10773751224289912,0.1106979405034325,0.11956856702619414,0.1189767995240928,0.11411411411411411,0.10695187165775401,0.1111111111111111,0.09302325581395349,0.1076923076923077,0.1093969144460028,0.047619047619047616,0.12307692307692308,0.11205976520811099,0.052884615384615384
5,0.08235294117647059,0.07667731629392971,0.052,0.08018252933507171,0.08478146392838336,0.07625455564900477,0.07976814794369307,0.07180851063829788,0.08476658476658476,0.11967361740707162,0.12170841361592806,0.12234754349072835,0.13401417257190495,0.1334913112164297,0.12780269058295965,0.11976047904191617,0.06493506493506493,0.06474820143884892,0.088,0.12667946257197696,0.07692307692307693,0.13827655310621242,0.11723446893787576,0.0787518573551263
6,0.08354430379746836,0.09282700421940929,0.06435643564356436,0.08879668049792531,0.09182960893854748,0.09248661620823334,0.09016539213942736,0.0884378397970279,0.08823529411764706,0.13378839590443686,0.13173504695996047,0.13720204313280362,0.1497735436514134,0.1443577430972389,0.13380281690140844,0.12454212454212454,0.11851851851851852,0.047619047619047616,0.11688311688311688,0.13213213213213212,0.0975609756097561,0.1346153846153846,0.12915407854984895,0.0873320537428023
7,0.11149825783972125,0.08221225710014948,0.07220216606498195,0.09346991037131883,0.11067297581493166,0.10268519767912562,0.09875891206759968,0.09892761394101876,0.09542927733168623,0.134648868253047,0.14838709677419354,0.15040794608017027,0.15689655172413794,0.14443567482241515,0.14634146341463414,0.12113055181695828,0.20093457943925233,0.09090909090909091,0.10886075949367088,0.13374233128834356,0.09615384615384616,0.1607843137254902,0.1432083589428396,0.09672619047619048
8,0.10315186246418338,0.0936374549819928,0.07255520504731862,0.10168598524762908,0.11282944892180354,0.1109610623452622,0.10717449069973428,0.10759634662508354,0.10761366693570083,0.15013550135501355,0.1569672131147541,0.1560229024443955,0.16451418225709113,0.1484924623115578,0.16119402985074627,0.1326530612244898,0.16901408450704225,0.09722222222222222,0.12666666666666668,0.13976164680390032,0.15873015873015872,0.17094972067039105,0.15154349859681945,0.09986945169712794
9,0.0984251968503937,0.09716157205240175,0.07202216066481995,0.10694652673663169,0.11581747493349703,0.12056885914461989,0.11326994625878462,0.10884353741496598,0.10864745011086474,0.15055467511885895,0.16151274550773087,0.1610905930914621,0.1605650382577987,0.1658464566929134,0.1553133514986376,0.13185654008438819,0.18354430379746836,0.11254019292604502,0.13953488372093023,0.14308093994778068,0.10144927536231885,0.17416378316032297,0.15729927007299271,0.11851851851851852
10,0.11603650586701435,0.11612903225806452,0.09523809523809523,0.1169334021683015,0.11904274902843118,0.12206960652690282,0.11666837835062134,0.11172273190621815,0.11565131253095592,0.14941242305540012,0.16072629455279086,0.16037194351968775,0.1640605912533594,0.16544396660763977,0.1639784946236559,0.12289915966386554,0.15714285714285714,0.11875,0.15436241610738255,0.14465065502183405,0.109375,0.1841779975278121,0.15155440414507773,0.12554112554112554
11,0.11174785100286533,0.10925306577480491,0.0964332892998679,0.12112754674853475,0.11808118081180811,0.12112520683949256,0.11647291072603641,0.11630434782608695,0.11825613079019073,0.1414790996784566,0.15258388439872642,0.15745960165351372,0.16107564851283443,0.17035217035217035,0.14829931972789115,0.11479028697571744,0.15269461077844312,0.11149825783972125,0.15721649484536082,0.12997032640949555,0.16417910447761194,0.17482517482517482,0.1535393818544367,0.11969601013299556
12,0.11598746081504702,0.11175115207373272,0.09090909090909091,0.10838831291234684,0.11763261296660119,0.12176763384727449,0.11021245774987928,0.11950449356327422,0.11970534069981584,0.14274631497284718,0.14813769751693,0.14931407942238267,0.15054730844204528,0.15396113602391628,0.1309192200557103,0.11097099621689786,0.14285714285714285,0.08833922261484099,0.11811023622047244,0.12443292287751134,0.16666666666666666,0.15702479338842976,0.1395846713765789,0.11792138574283811
13,0.09473684210526316,0.08969210174029452,0.09185441941074524,0.10313216195569137,0.10602615122228538,0.10861684327941996,0.10575062206248272,0.11345127773097445,0.10676156583629894,0.11405835543766578,0.1325181758096497,0.1343608644664098,0.141852286049238,0.13959642739000994,0.12280701754385964,0.09941520467836257,0.11635220125786164,0.10227272727272728,0.13003095975232198,0.11286843997124371,0.14893617021276595,0.13568773234200743,0.12596339113680155,0.11259676284306826
14,0.0835117773019272,0.06763285024154589,0.07784431137724551,0.08529688972667294,0.09932203389830509,0.09532258064516129,0.09520704271274862,0.09966777408637874,0.08992650237786425,0.1059322033898305,0.11923076923076924,0.1172562048075044,0.11773818745158791,0.11812476928755998,0.09698558322411534,0.08256880733944955,0.10431654676258993,0.09504132231404959,0.10112359550561797,0.09250398724082935,0.17647058823529413,0.12596899224806202,0.10928381962864721,0.09697933227344992
15,0.06976744186046512,0.05731225296442688,0.06807511737089202,0.08166761850371217,0.08424463345484001,0.07603503184713375,0.08169740233987706,0.08226837060702875,0.07782515991471216,0.08365508365508366,0.09322033898305085,0.08965983329578733,0.09545653123634774,0.09488139825218476,0.07272727272727272,0.06526806526806526,0.09734513274336283,0.07339449541284404,0.0752212389380531,0.07933740191804708,0.0967741935483871,0.09147609147609148,0.08939526730937773,0.08576329331046312
16,0.06363636363636363,0.05687203791469194,0.059190031152647975,0.061164333087693444,0.06143001007049345,0.05552861299709021,0.05681271064034665,0.059940059940059943,0.05898305084745763,0.03980891719745223,0.06263157894736843,0.06360332294911734,0.061017786561264824,0.06521739130434782,0.05086848635235732,0.040697674418604654,0.05056179775280899,0.043478260869565216,0.04830917874396135,0.04557885141294439,0.12,0.06092436974789916,0.0634041243459526,0.06654170571696345
17,0.024271844660194174,0.04411764705882353,0.02512562814070352,0.04004449388209121,0.041947565543071164,0.029097605893186003,0.029829028737722807,0.029082774049217,0.038183694530443756,0.02857142857142857,0.03345454545454545,0.034546805349182766,0.034147974556411116,0.036608863198458574,0.03582554517133956,0.03524229074889868,0.010869565217391304,0.02097902097902098,0.06338028169014084,0.02648171500630517,0.14285714285714285,0.02531645569620253,0.04043234587670136,0.03145478374836173
18,0.021739130434782608,0.015625,0.01818181818181818,0.029045643153526972,0.03504043126684636,0.025899280575539568,0.019525801952580194,0.008645533141210375,0.02459016393442623,0.007633587786259542,0.031026252983293555,0.02574002574002574,0.026022304832713755,0.028639618138424822,0.017467248908296942,0.0,0.0,0.022727272727272728,0.058823529411764705,0.024096385542168676,0.0,0.02027027027027027,0.02295918367346939,0.012658227848101266
dealin,147,258,369,14,25,36,47,58,69,19,28,37,46,5,Zt0,Zt1,Zt2,ZZ,Z1,Z5,11,15,55,complex
0,,,,0.0,0.0,0.0,0.0,0.0,0.0,0.06666666666666667,0.14285714285714285,0.07894736842105263,0.05,0.06060606060606061,0.16666666666666666,,0.0,,0.0,0.0,,0.0,0.13333333333333333,0.0
1,0.0,0.0,0.0,0.0,0.025,0.0379746835443038,0.04597701149425287,0.08333333333333333,0.11538461538461539,0.0410958904109589,0.07575757575757576,0.07536231884057971,0.14022140221402213,0.0755813953488372,0.03636363636363636,0.0,0.0,0.0,0.1111111111111111,0.08163265306122448,0.0,0.06451612903225806,0.047619047619047616,0.0
2,0.05555555555555555,0.038461538461538464,0.05,0.033112582781456956,0.016853932584269662,0.07006369426751592,0.05654761904761905,0.041666666666666664,0.050724637681159424,0.10434782608695652,0.07081174438687392,0.09969481180061038,0.11821471652593486,0.10300429184549356,0.03636363636363636,0.06060606060606061,0.0,0.07692307692307693,0.13793103448275862,0.07428571428571429,0.0,0.10714285714285714,0.10120481927710843,0.016129032258064516
3,0.03125,0.05128205128205128,0.0,0.051470588235294115,0.05625,0.06941431670281996,0.07515657620041753,0.060836501901140684,0.0673076923076923,0.10112359550561797,0.0949579831932773,0.10433934666016577,0.1168757126567845,0.10051813471502591,0.08968609865470852,0.07142857142857142,0.2,0.05405405405405406,0.13043478260869565,0.0792838874680307,0.0,0.109375,0.10338164251207729,0.05154639175257732
4,0.045454545454545456,0.047058823529411764,0.00847457627118644,0.05720572057205721,0.060861423220973786,0.07315842583249244,0.06593406593406594,0.057655954631379965,0.06538895152198422,0.11390728476821192,0.09745347698334966,0.10926773455377574,0.11340523882896764,0.12314098750743604,0.14114114114114115,0.06951871657754011,0.08333333333333333,0.08139534883720931,0.1076923076923077,0.10659186535764376,0.09523809523809523,0.11076923076923077,0.1104589114194237,0.06971153846153846
5,0.047058823529411764,0.04153354632587859,0.048,0.07496740547588006,0.08267509215376515,0.08550602747406784,0.0805961910019321,0.07287234042553191,0.07371007371007371,0.11514052583862194,0.11400128452151574,0.11756834257312178,0.12067528136723635,0.1334913112164297,0.14798206278026907,0.10179640718562874,0.11688311688311688,0.14388489208633093,0.116,0.11228406909788867,0.05128205128205128,0.12625250501002003,0.11389445557782231,0.06983655274888559
6,0.06329113924050633,0.05063291139240506,0.06683168316831684,0.08215767634854772,0.08624301675977654,0.08344101901421451,0.09123243820024898,0.08735048930772019,0.07292506043513296,0.1174061433447099,0.1309935739001483,0.1210272417707151,0.1269717320006247,0.132953181272509,0.14084507042253522,0.11355311355311355,0.14074074074074075,0.11428571428571428,0.12012987012987013,0.12237237237237238,0.024390243902439025,0.128698224852071,0.12663645518630412,0.09692898272552783
7,0.06620209059233449,0.0687593423019432,0.07942238267148015,0.08194622279129321,0.09227129337539432,0.09580353528538658,0.09823078954317402,0.09571045576407507,0.0759728227300803,0.12478235635519443,0.1421505376344086,0.1292420480075677,0.13289124668435012,0.14443567482241515,0.15121951219512195,0.10767160161507403,0.14018691588785046,0.11742424242424243,0.1468354430379747,0.12699386503067484,0.057692307692307696,0.13594771241830064,0.13132554804343372,0.09970238095238096
8,0.08022922636103152,0.08283313325330131,0.08201892744479496,0.08429926238145416,0.09867131343933784,0.10263335584064821,0.10706377325066431,0.10046781020271775,0.08286252354048965,0.12574525745257453,0.14487704918032787,0.1364236952213169,0.13928786964393483,0.16306532663316584,0.15074626865671642,0.12698412698412698,0.11971830985915492,0.125,0.1622222222222222,0.12296858071505959,0.047619047619047616,0.13519553072625698,0.1363891487371375,0.1122715404699739
9,0.09055118110236221,0.09606986899563319,0.10249307479224377,0.09470264867566217,0.11008798854102722,0.105406253267803,0.11368334022323275,0.10781282209853639,0.10298102981029811,0.12519809825673534,0.1477225240284162,0.14208125135781013,0.13725721012360212,0.16683070866141733,0.167574931880109,0.12658227848101267,0.12025316455696203,0.14790996784565916,0.15010570824524314,0.13054830287206268,0.11594202898550725,0.14878892733564014,0.13576642335766423,0.11358024691358025
10,0.08865710560625815,0.0935483870967742,0.0978120978120978,0.09834796076406814,0.12354264675802823,0.11039966952390788,0.12026291465543802,0.11213047910295616,0.11490837048043585,0.1371012870733072,0.1452589105581708,0.14498909424865114,0.14561446371854386,0.16316721477358967,0.16129032258064516,0.12815126050420167,0.13428571428571429,0.165625,0.15212527964205816,0.12882096069868995,0.125,0.12978986402966625,0.14100666173205034,0.11193568336425479
11,0.10458452722063037,0.09921962095875139,0.11228533685601057,0.10103265420039073,0.120468851747341,0.11439602868174296,0.12656284272866858,0.11347826086956522,0.11389645776566758,0.12861736334405144,0.1464609355865785,0.14981836402355003,0.14477794377291864,0.1545181545181545,0.16326530612244897,0.1357615894039735,0.12874251497005987,0.1254355400696864,0.12886597938144329,0.12166172106824925,0.13432835820895522,0.1258741258741259,0.13399800598205383,0.11082963901203294
12,0.1206896551724138,0.0944700460829493,0.10581222056631892,0.10084825636192271,0.11959724950884086,0.11496904212698798,0.12349106711733462,0.11974738887539471,0.10988336402701043,0.13033359193173003,0.13826185101580135,0.14223826714801444,0.13900134952766532,0.15515695067264573,0.15598885793871867,0.13745271122320302,0.14285714285714285,0.14840989399293286,0.13385826771653545,0.12119248217757615,0.13333333333333333,0.11900826446280992,0.13851423678013272,0.11525649566955364
13,0.11052631578947368,0.09103078982597054,0.09358752166377816,0.10580595874713522,0.11597498578737919,0.11042944785276074,0.11224771910423002,0.11204717775905644,0.11209964412811388,0.11936339522546419,0.13417052214144085,0.12899983246775004,0.13063138502763355,0.14323519682434668,0.1282051282051282,0.12719298245614036,0.12578616352201258,0.125,0.1393188854489164,0.11646297627606039,0.10638297872340426,0.13568773234200743,0.13704238921001927,0.1175228712174525
14,0.10278372591006424,0.09339774557165861,0.10978043912175649,0.10838831291234684,0.10542372881355933,0.10209677419354839,0.11053146397130746,0.10830564784053157,0.10116731517509728,0.11970338983050847,0.11346153846153846,0.11237052960719171,0.11773818745158791,0.1288298265042451,0.11402359108781127,0.11559633027522936,0.07913669064748201,0.10330578512396695,0.1198501872659176,0.11403508771929824,0.14705882352941177,0.12015503875968993,0.1273209549071618,0.10890302066772654
15,0.1111111111111111,0.07114624505928854,0.0892018779342723,0.09480296973158195,0.08464965573106521,0.09096337579617834,0.09716438627800912,0.09904153354632587,0.08795309168443496,0.09266409266409266,0.1016949152542373,0.10317639107907187,0.1052861511577108,0.10694964627548897,0.10666666666666667,0.08391608391608392,0.07964601769911504,0.09174311926605505,0.10176991150442478,0.09154315605928509,0.1935483870967742,0.10187110187110188,0.10283377154542798,0.08662092624356775
16,0.09090909090909091,0.07819905213270142,0.08722741433021806,0.07516580692704496,0.0689828801611279,0.07444228903976721,0.07799711121810303,0.07692307692307693,0.06915254237288136,0.07006369426751592,0.06947368421052631,0.08255451713395638,0.08127470355731226,0.07816836262719704,0.07320099255583126,0.08139534883720931,0.07303370786516854,0.06763285024154589,0.07246376811594203,0.0820419325432999,0.16,0.08403361344537816,0.08002462296091105,0.05810684161199625
17,0.06796116504854369,0.0661764705882353,0.08542713567839195,0.05672969966629588,0.04868913857677903,0.0578268876611418,0.06584212440887595,0.053691275167785234,0.054695562435500514,0.08051948051948052,0.05090909090909091,0.05794947994056464,0.06260462002008704,0.05908798972382787,0.07320872274143302,0.05286343612334802,0.043478260869565216,0.03496503496503497,0.07042253521126761,0.06431273644388398,0.14285714285714285,0.06835443037974684,0.06244995996797438,0.04456094364351245
18,0.0,0.046875,0.07272727272727272,0.08713692946058091,0.04582210242587601,0.0618705035971223,0.061366806136680614,0.04610951008645533,0.045081967213114756,0.07633587786259542,0.05250596658711217,0.05276705276705277,0.058240396530359353,0.06443914081145585,0.05240174672489083,0.0847457627118644,0.05,0.022727272727272728,0.08823529411764706,0.06827309236947791,0.2857142857142857,0.060810810810810814,0.05739795918367347,0.04219409282700422
fold,147,258,369,14,25,36,47,58,69,19,28,37,46,5,Zt0,Zt1,Zt2,ZZ,Z1,Z5,11,15,55,complex
0,,,,0.0,0.0,0.0,0.0,0.0,0.0,0.0,0.0,0.02631578947368421,0.025,0.0,0.0,,0.0,,0.0,0.0,,0.2,0.0,0.0
1,0.0,0.0,0.0,0.0,0.0,0.0,0.022988505747126436,0.0,0.07692307692307693,0.0136986301369863,0.015151515151515152,0.011594202898550725,0.01845018450184502,0.005813953488372093,0.01818181818181818,0.0,0.0,0.0,0.0,0.02040816326530612,0.0,0.0967741935483871,0.009523809523809525,0.0
2,0.0,0.0,0.0,0.0,0.0,0.0031847133757961785,0.01488095238095238,0.005208333333333333,0.028985507246376812,0.013043478260869565,0.017271157167530225,0.0254323499491353,0.020506634499396863,0.03862660944206009,0.02727272727272727,0.030303030303030304,0.0,0.07692307692307693,0.0,0.03428571428571429,0.0,0.05952380952380952,0.021686746987951807,0.0
3,0.0,0.0,0.0,0.00980392156862745,0.0020833333333333333,0.005422993492407809,0.010438413361169102,0.0019011406844106464,0.01201923076923077,0.01348314606741573,0.021848739495798318,0.028278888347147733,0.029076396807297605,0.0383419689119171,0.02242152466367713,0.03571428571428571,0.0,0.02702702702702703,0.028985507246376812,0.03324808184143223,0.0,0.06770833333333333,0.014492753623188406,0.015463917525773196
4,0.0,0.0,0.0,0.013201320132013201,0.00749063670411985,0.005045408678102927,0.008491508491508492,0.002835538752362949,0.007891770011273957,0.018543046357615896,0.02742409402546523,0.031750572082379865,0.033281972265023115,0.0380725758477097,0.02702702702702703,0.0427807486631016,0.027777777777777776,0.03488372093023256,0.03076923076923077,0.029453015427769985,0.047619047619047616,0.06153846153846154,0.023479188900747065,0.01201923076923077
5,0.0,0.0,0.012,0.01303780964797914,0.008952080042127435,0.008690776562938042,0.009936516698868341,0.006382978723404255,0.010442260442260442,0.028105167724388033,0.03468208092485549,0.037086599120627034,0.04105877448937057,0.04028436018957346,0.04035874439461883,0.03592814371257485,0.025974025974025976,0.02877697841726619,0.032,0.030710172744721688,0.05128205128205128,0.05811623246492986,0.03239812959251837,0.01634472511144131
6,0.005063291139240506,0.006329113924050633,0.012376237623762377,0.015767634854771784,0.007681564245810056,0.012737677681373454,0.010136937577805443,0.010511054729974628,0.0128928283642224,0.034129692832764506,0.04152249134948097,0.04128830874006811,0.04747774480712166,0.04531812725090036,0.056338028169014086,0.0347985347985348,0.037037037037037035,0.03333333333333333,0.03896103896103896,0.04354354354354354,0.04878048780487805,0.051775147928994084,0.033736153071500505,0.023032629558541268
7,0.005226480836236934,0.01046337817638266,0.01263537906137184,0.02176696542893726,0.012355415352260778,0.014303063014437997,0.012542909955109585,0.013941018766756031,0.016985793699814702,0.03424260011607661,0.04559139784946237,0.04800756769540026,0.05278514588859416,0.05209155485398579,0.05853658536585366,0.034993270524899055,0.0514018691588785,0.041666666666666664,0.04050632911392405,0.04539877300613497,0.07692307692307693,0.06535947712418301,0.03810694529809465,0.019345238095238096
8,0.02005730659025788,0.010804321728691477,0.011041009463722398,0.019494204425711276,0.01590067523415378,0.014629754670267838,0.015943312666076175,0.016707507239919803,0.017487220877051384,0.03143631436314363,0.04651639344262295,0.05197093151288262,0.05624622812311406,0.04874371859296482,0.07611940298507462,0.03968253968253968,0.05985915492957746,0.0625,0.05333333333333334,0.053629469122426866,0.07936507936507936,0.08379888268156424,0.041534144059869035,0.0195822454308094
9,0.01968503937007874,0.013100436681222707,0.0110803324099723,0.023238380809595203,0.017393083691426232,0.017985987660775908,0.017362546506821,0.016697588126159554,0.019955654101995565,0.03750660327522451,0.058712912661930634,0.05767977406039539,0.06309593878752207,0.053395669291338585,0.07493188010899182,0.046413502109704644,0.04430379746835443,0.06109324758842444,0.0613107822410148,0.06475195822454308,0.08695652173913043,0.08650519031141868,0.0427007299270073,0.019135802469135803
10,0.01303780964797914,0.017204301075268817,0.01287001287001287,0.027620030975735673,0.016772346083043566,0.020448208199938037,0.021156413679778167,0.019571865443425075,0.024764735017335313,0.038052602126468944,0.06635283568706568,0.05693950177935943,0.06376740776936232,0.06324310650139135,0.0793010752688172,0.03466386554621849,0.06285714285714286,0.05,0.06935123042505593,0.0665938864628821,0.15625,0.09765142150803462,0.04885270170244264,0.022881880024737167
11,0.02148997134670487,0.013377926421404682,0.017173051519154558,0.03125872174155735,0.020837855437377904,0.02107004964147821,0.02434744461504716,0.02108695652173913,0.02779291553133515,0.03858520900321544,0.06441342150379623,0.06112990103970938,0.06831454570148038,0.06552006552006552,0.09795918367346938,0.033112582781456956,0.059880239520958084,0.05574912891986063,0.07474226804123711,0.07359050445103858,0.14925373134328357,0.0993006993006993,0.05004985044865404,0.028499050031665613
12,0.023510971786833857,0.014976958525345621,0.020864381520119227,0.03455859252277725,0.02406679764243615,0.02294524705596698,0.02631578947368421,0.02356084527568618,0.030079803560466543,0.04034134988363072,0.06969525959367946,0.06296028880866426,0.07257459889038836,0.06576980568011959,0.0905292479108635,0.03656998738965952,0.0641399416909621,0.07420494699646643,0.05774278215223097,0.07388204795852236,0.13333333333333333,0.10743801652892562,0.05138086062941554,0.03397734843437708
13,0.02280701754385965,0.0214190093708166,0.024263431542461005,0.02826585179526356,0.028140989198408187,0.023006134969325152,0.028061929776057506,0.02723953945520921,0.030249110320284697,0.04597701149425287,0.06411103767349637,0.06181940023454515,0.06632054932172166,0.0668210387032749,0.09581646423751687,0.04093567251461988,0.04716981132075472,0.06060606060606061,0.06191950464396285,0.06973400431344356,0.14893617021276595,0.10594795539033457,0.05322736030828516,0.03518648838845883
14,0.03640256959314775,0.024154589371980676,0.01996007984031936,0.03628652214891612,0.03423728813559322,0.02403225806451613,0.028692533420280403,0.026910299003322258,0.03156074362300043,0.04766949152542373,0.05653846153846154,0.055305843267539574,0.06177381874515879,0.06164636397194537,0.08125819134993446,0.03486238532110092,0.03597122302158273,0.045454545454545456,0.052434456928838954,0.05661881977671451,0.029411764705882353,0.0872093023255814,0.047214854111405836,0.030206677265500796
15,0.023255813953488372,0.01383399209486166,0.01643192488262911,0.03826384922901199,0.02754151478331308,0.025477707006369428,0.027562958556414833,0.025958466453674122,0.024520255863539446,0.04247104247104247,0.05263157894736842,0.046632124352331605,0.05067715159458279,0.052850603412401165,0.055757575757575756,0.03263403263403263,0.030973451327433628,0.05045871559633028,0.048672566371681415,0.05492589363557106,0.0,0.060291060291060294,0.040315512708150744,0.030017152658662092
16,0.01818181818181818,0.0071090047393364926,0.01557632398753894,0.01915991156963891,0.022658610271903322,0.02133850630455868,0.020943668753009147,0.023976023976023976,0.015593220338983051,0.03503184713375796,0.030526315789473683,0.029854620976116304,0.035326086956521736,0.03746530989824237,0.04590570719602978,0.01744186046511628,0.03932584269662921,0.024154589371980676,0.024154589371980676,0.04102096627164995,0.0,0.04201680672268908,0.02616189596799015,0.02436738519212746
17,0.019417475728155338,0.011029411764705883,0.020100502512562814,0.0055617352614015575,0.01198501872659176,0.008103130755064457,0.011640596580574755,0.014168530947054437,0.01238390092879257,0.01038961038961039,0.012363636363636363,0.01448736998514116,0.018747907599598258,0.015414258188824663,0.020249221183800622,0.00881057268722467,0.021739130434782608,0.0,0.014084507042253521,0.015132408575031526,0.0,0.005063291139240506,0.010808646917534028,0.011795543905635648
18,0.0,0.0,0.0,0.0,0.0026954177897574125,0.0028776978417266188,0.002789400278940028,0.002881844380403458,0.00819672131147541,0.007633587786259542,0.00477326968973747,0.006435006435006435,0.011152416356877323,0.00477326968973747,0.008733624454148471,0.0,0.0,0.0,0.029411764705882353,0.004016064257028112,0.0,0.006756756756756757,0.0012755102040816326,0.0
